{
  "alpha_pattern": {},
  "auto_mapping": {
    "base_model_class": "VisionEncoderDecoderModel",
    "parent_library": "transformers.models.vision_encoder_decoder.modeling_vision_encoder_decoder"
  },
  "base_model_name_or_path": "DGurgurov/im2latex",
  "bias": "none",
  "fan_in_fan_out": true,
  "inference_mode": true,
  "init_lora_weights": true,
  "layer_replication": null,
  "layers_pattern": null,
  "layers_to_transform": null,
  "loftq_config": {},
  "lora_alpha": 16,
  "lora_dropout": 0.1,
  "megatron_config": null,
  "megatron_core": "megatron.core",
  "modules_to_save": null,
  "peft_type": "LORA",
  "r": 16,
  "rank_pattern": {},
  "revision": null,
  "target_modules": [
    "attn.proj",
    "mlp.fc2",
    "attn.c_proj",
    "mlp.fc1",
    "c_fc",
    "c_attn",
    "c_proj",
    "attn.qkv"
  ],
  "task_type": null,
  "use_dora": false,
  "use_rslora": false
}